[
  {
    "id": "e989ec27-c17d-4a10-b382-8081f16b82a1",
    "title": "Demo chat",
    "created_at": "2025-06-05T19:34:11.763496Z"
  },
  {
    "id": "f538f6d9-3426-4d82-a5c0-c19b2c20e755",
    "title": "Vision and formatting",
    "created_at": "2025-06-09T08:20:28.479037Z"
  },
  {
    "id": "cb4f7ba7-9162-4e6d-8e2b-599f4b4857a8",
    "title": "Radar Components",
    "created_at": "2025-06-09T10:19:09.451562Z"
  },
  {
    "id": "fea2ba7f-67d6-4361-a6b3-f5685adb5b90",
    "title": "Pulse Radar Systems",
    "created_at": "2025-06-12T14:48:43.587643Z"
  },
  {
    "id": "1a8f3ba7-1267-43dc-9a60-3be0f9dec7b9",
    "title": "Demo Spec Questions",
    "created_at": "2025-06-18T12:30:57.815904Z"
  },
  {
    "id": "d137c428-4dd2-4cf0-84c7-3cce1f144ac8",
    "title": "Live Demo",
    "created_at": "2025-06-21T12:37:36.975142Z"
  }
]